internet_speed,file_size,active_downloads,device_type,download_time
75.53348365062513,1859.4779590978103,4,Laptop,974.9806007830196
190.1921469755733,5423.590464309797,3,Tablet,678.8010921619003
146.6667944204696,8730.728900405318,4,Smartphone,1941.1538586865925
120.13303835521029,7324.926615231516,2,Laptop,1017.9667607574559
32.04770944804487,8067.545867135883,2,Laptop,4521.12957303126
32.042909546904326,6591.245833440066,1,PC,1721.906023350137
12.558638821471693,6925.842879533346,5,Laptop,24057.73163834811
173.3690530092121,8493.46455913754,4,Laptop,1655.8442493793598
120.62188733689855,2504.1834085032674,1,Laptop,188.57692748693003
141.90644298141305,4899.355386794973,5,Laptop,1030.1357003577814
5.096314364864687,2219.882323777826,4,PC,12892.218080717565
194.01206058023686,9876.803399886503,3,Tablet,1344.843440405506
166.65608551928392,9441.152803469267,4,Tablet,2156.1507268305145
43.255483024976954,403.8738455713739,2,Smartphone,201.9374054340195
37.183168474213026,7058.695973431728,2,Laptop,2914.247160328945
37.49749746083333,9253.230690982502,3,PC,6785.412280542642
61.54420634894801,1813.947697822062,1,Smartphone,264.8472746593008
105.42652989481533,5683.772853220768,5,Smartphone,2504.084554107403
86.95705870978104,9155.728092904537,4,Tablet,3961.3204918683914
58.95459889941034,349.1203260721304,2,PC,92.82395547203524
122.75872604975352,6977.228469795931,1,PC,505.1719343297562
28.759278269756326,2980.516583651782,3,PC,2386.644299257194
59.136785058508416,9244.717991811538,2,Tablet,2670.9012541500992
73.90600681544466,9710.871869202025,3,Tablet,3872.4632673614747
91.75792685919015,9443.222226243204,4,Tablet,3379.941483023054
157.2500163172097,4747.4000244080635,5,Tablet,1375.1849125863891
40.735082649513586,8621.80608338324,2,Tablet,3137.9645844531697
103.33265324430872,8447.048491365353,2,Laptop,1627.3014416236538
118.89049920354645,3197.8137277001238,4,Laptop,1015.3233947314066
10.243632131279547,8290.865586765267,1,PC,8255.620557538929
121.90142552838624,379.70627080777126,5,Smartphone,166.1997766152963
34.934300613771015,5966.73608603571,2,PC,2424.0719357610465
13.945267004070624,2307.7882845041536,5,Smartphone,8308.443254388283
189.8282219134133,1214.4631889150153,2,Tablet,103.29567253925067
193.1607745818373,778.7624842757995,5,Smartphone,219.66562545814517
161.87107227517578,6965.924871022617,3,PC,919.083870694413
61.61814006550077,3405.350888042981,2,PC,782.6327310196765
20.43675068727039,7250.420047572327,5,Smartphone,14007.612110141985
137.1623722759192,662.9098445814343,1,Laptop,38.711532292745176
88.59034625418066,3159.7504749277973,3,Tablet,885.5419913905903
25.285608734110987,5399.518010829619,3,Tablet,4975.993370681664
99.54020511214277,7909.324416741246,1,PC,762.1546674003504
7.843315701928461,3194.3375042913785,5,Laptop,18056.806371966006
181.95476001367763,6262.654850605721,4,Smartphone,1349.1804850682424
52.49721633840337,8860.91770487951,1,Tablet,1738.7695636248163
132.84193458644242,6162.473249941223,5,Laptop,2003.2962121400951
63.03050414179278,2337.2651527888015,1,Tablet,304.9357721734191
104.49353621438435,253.76380774981482,1,Laptop,16.973591854815027
109.79534558931265,8702.28775027029,2,Laptop,1227.4248448166738
37.786036649579884,222.48141439536752,5,PC,270.972175224004
193.94734092514716,8748.269710115152,4,Tablet,1402.4549654788234
155.25143184886178,5294.081968931848,2,Smartphone,664.5499893341884
187.96028937127363,9391.286308143834,1,PC,441.0410325200542
179.07064273510213,7989.844525378917,1,PC,367.13245637528894
119.98209578340594,9979.36176422804,1,Smartphone,814.0447245357608
184.45297276960025,3513.6110363625844,5,PC,811.9066219473985
18.61000790833198,7674.211006421958,5,Laptop,18021.49555288181
40.000589621409894,4025.2898269563293,2,Laptop,1967.5452359338112
10.000230493197074,4803.95744683605,4,Tablet,15303.489851159835
65.7407358218896,6278.779577551517,2,Tablet,1738.7459261206063
78.34678064820692,8738.034370721523,3,Smartphone,2576.508751928675
54.99845732300528,9840.993857300959,1,Tablet,1260.677220254856
165.91876432123394,7685.0514045065365,1,Laptop,386.8620801093867
71.99391201202427,4183.490153851664,1,Smartphone,576.6255491503141
56.905967427788774,4219.356452747931,2,Smartphone,1623.2825228780516
108.99652054849145,7378.447192873026,2,Tablet,1494.6658967722349
29.043920769977767,2395.38368622534,1,Laptop,786.1896230044791
160.6371991700539,1113.6363901826326,2,Smartphone,139.98559206434612
15.835578092274394,3552.6753548313577,5,Laptop,9597.32479775893
197.39050038350294,2879.5175266242763,5,Laptop,520.1759893509224
154.67670909003482,2970.118123355341,2,Laptop,318.68096263596226
40.54442062530031,2343.7414329886,1,Tablet,580.1422709077347
2.0989013075968774,430.51096446725523,2,PC,3576.598721163501
163.276824262512,188.56060798680397,2,PC,16.10079459608949
141.66461142567582,9877.346673462955,2,Smartphone,1393.0288528351414
146.07242644015648,4283.453606021265,3,Laptop,779.965764505183
154.4827989905032,3849.4232051252197,5,Tablet,1146.2220305925491
15.734885695083982,6799.676354103768,4,Laptop,14515.753453164485
72.33467998031026,2190.356339771991,4,Laptop,1087.8755644169355
24.05794284550081,9500.11222766275,3,Tablet,11264.545773980655
172.75758174924312,7865.586694011365,2,PC,681.7452910803036
125.03632723868402,903.2159130994726,3,Laptop,190.79528134877182
66.8487069456772,4181.631950091434,3,Laptop,1550.373065083353
13.648111706918703,8792.391892546026,1,PC,4387.278037088485
62.88548202141678,9447.87290269119,5,Tablet,6302.301635163472
65.71148108332267,4679.341097386198,4,Smartphone,2261.658591870398
146.19162948927476,6137.97977821497,2,PC,737.6136903774088
127.87393679968741,1678.6691214598316,4,Smartphone,511.8014608943571
177.55533577268898,9911.774575108395,4,Smartphone,2026.8839378760742
94.9707701072279,2324.4002968205996,5,PC,1118.0645653484412
24.79925494172204,9427.890423609906,4,Laptop,12892.735727833153
142.935712657376,6499.970023433761,4,Smartphone,1466.9675528149942
152.39622467476258,6081.290580839803,3,Smartphone,1077.1977659388413
112.69416231632975,5131.75822505492,5,Tablet,2354.3364893042217
154.42246881095764,2314.391419060409,1,Laptop,117.76025908475884
99.26532367651376,1773.5150397350276,2,Smartphone,345.564844122034
105.02383304701682,2212.657228611052,4,Tablet,804.8125826710065
86.08066265335138,1872.5182388211026,2,Laptop,387.98119808524405
6.058406222074942,7798.048890931866,1,PC,12819.4105999999
22.470393971667587,3507.7513390756335,2,PC,2203.8836777068027
7.254407951660116,587.8483388683297,1,Tablet,642.7584920192259
127.6456718414923,9691.335275106705,3,PC,1610.842558117452
63.55684023418901,8839.020990784622,4,Smartphone,5080.744536737633
102.20556754177585,9278.245309120177,1,Laptop,848.5086934455525
181.60572831129252,9949.12914823789,2,Smartphone,924.8366568581451
50.609153600626115,1747.213539702678,4,Smartphone,1444.4195823824364
82.66620168409031,3968.457768837561,3,PC,1156.1864631467581
151.3546765700667,7584.8023722838725,4,Smartphone,1677.3753225354224
46.53083493283287,6963.2459743573845,1,PC,987.5127326092944
16.319002055929808,1547.420104335152,3,Laptop,2029.5989909716407
58.66053912983984,8160.172918656272,2,Laptop,2186.8767441106156
33.08303616354688,2252.16131264824,3,Smartphone,1889.6330141659787
186.00983281617204,2245.9379720780043,3,Tablet,365.3219586975414
161.81595553331897,5374.374484705201,5,PC,1434.67543616154
127.04734754557427,5933.469949068614,3,PC,1026.8335608584323
174.42065744735584,5805.061216299734,3,Smartphone,978.1292441615963
160.9307433029238,923.9535056035712,4,PC,214.06449607174432
38.12744171832113,8775.8340176775,2,PC,4372.851625195577
178.61924069950558,2663.3444254611736,4,Tablet,513.490984741484
108.3291061412145,1303.8540636152136,4,Tablet,468.95807811472514
161.68059087764846,8888.593317891082,1,Smartphone,589.343139221428
179.32216868477516,9556.958467315237,4,Tablet,1609.3504703632123
64.28269151940091,8622.654896481852,5,Smartphone,5988.858609084346
22.900332981007676,8097.065586501532,5,Laptop,18192.572638542846
46.35909734584639,6555.867386583827,1,Smartphone,1290.8970026889363
85.994449936625,5513.065132385302,2,Laptop,763.4892072445446
163.78493841857613,878.9977315149873,2,Smartphone,99.79976387331185
172.28538606801234,4090.44759857628,4,PC,845.196657874724
2.38347397570695,3733.158284953017,4,Tablet,55725.77427753347
102.63871321293558,2604.940299765659,4,Laptop,916.0514687450018
84.06478962660702,7236.966935748964,2,Smartphone,1772.5163434373558
45.19945428367532,4963.798593436921,3,Tablet,2824.585601511446
24.853208099402877,819.6516969174029,5,Smartphone,1471.3774519878607
68.18541910932197,2209.6301874786154,3,Tablet,877.4251144527033
188.6390310785913,6835.755048959363,3,Tablet,983.5052447249478
65.31738347213029,770.5472863080988,2,Smartphone,223.26146608834344
104.23933372692986,8513.557071347199,3,Laptop,2082.956106422206
140.9007728201404,4956.5138048696035,1,Laptop,274.0559996481038
73.36229087347951,4811.059907493213,4,PC,2255.9938619729855
194.38463446147117,5928.153768748581,1,Tablet,287.32896043830203
192.52701169348015,8248.562849592241,5,PC,1484.788630697246
51.10467686924747,3484.6139869429085,4,PC,2097.0329272558956
99.9524526725847,6783.381364065045,3,Smartphone,1934.0549301614449
60.874783653537165,5661.662320317952,5,Smartphone,4142.855040308735
57.683258381116055,2677.612418992519,4,Smartphone,1858.9312486725435
8.340502523552026,8787.513563688028,3,Tablet,27907.96011840003
122.30330246199946,7976.285955853212,1,Smartphone,624.1873134427991
101.03312562254344,6587.93382823767,4,Smartphone,2356.4359274432554
11.244271498747882,8507.311473651476,3,Tablet,16154.283569359608
56.450646383085676,8674.269067588426,1,Tablet,1085.8242781083743
181.74491130736408,7086.546137383198,5,Laptop,1738.556033570969
48.672816242727514,8371.763150353083,5,Smartphone,8310.197893502493
29.834079546153397,6977.739902076143,5,Smartphone,11489.153803039893
98.40109929523504,6804.606309885401,5,Smartphone,3297.959227374698
197.14444036800953,6189.927668369691,2,Laptop,540.1537505675776
49.168999030788584,7529.639229180836,4,Smartphone,6323.853720580602
134.75497393376983,1594.4650018778063,4,Laptop,416.283481011557
152.5623034504148,8809.898884397295,2,PC,1020.1135433129596
48.28987125448754,8719.716842174868,3,Laptop,4639.993212345303
145.91505337376006,302.1803575152459,3,PC,48.20943219729347
74.18884341113139,8259.909338141979,5,Smartphone,5341.103787670149
126.82886028812231,1297.4099760597176,1,PC,74.99387258316958
127.07241244141805,3357.8373540488274,3,Laptop,642.2113842645017
107.61916213087694,7437.647480353162,1,Tablet,625.2268429277591
18.96766424082725,1615.991361522599,4,PC,2771.1077820135774
167.22519662225835,8181.4905709494315,1,PC,387.2346621497342
64.83523292937542,8323.020437797843,4,Smartphone,4161.9383666589565
38.11718356957099,5079.602660270753,2,Laptop,2387.2635485718206
9.114253169398019,73.79485845116747,2,PC,140.35341557148126
118.58769569446012,2877.510950417379,5,PC,1130.128946587644
135.8353080066142,6173.099914573665,3,PC,1138.8754948938713
4.300977956643374,9812.04991849396,5,PC,91267.46871456807
102.90651860155691,6321.817134896517,4,Tablet,1962.9978675887983
46.07265926438965,2605.437774830956,5,Laptop,2736.3402840940203
129.38938529148052,6343.716973965117,1,Smartphone,472.8770627853726
35.6989193719933,5404.453943361396,4,Smartphone,5809.593244791087
138.49660988239071,7800.655497559925,2,Tablet,975.8730657565674
77.96033391380695,1078.7365818813146,3,Laptop,338.4509955792772
187.40926775861016,7612.66874599526,4,PC,1389.3226961641592
28.366667885052657,5417.253120974342,4,Tablet,6096.561124279343
68.87220385900144,9630.290118551356,1,Laptop,1368.8973005114633
23.581230726877227,3425.302938726474,3,PC,3976.8136974194967
185.014030037434,6329.892712408142,2,Tablet,586.6967002469512
175.59053132281522,9320.960774045074,4,Laptop,1633.6103989221403
52.33038391531596,1034.0721826268857,4,Smartphone,594.0071929821246
132.33682516080162,9372.912587492146,1,Smartphone,583.1802239134565
163.62721784004194,6881.978365785126,5,Laptop,1900.1604857308557
111.484961508293,687.6922204606673,2,Smartphone,119.77398674232235
106.4004650928453,3016.626033798694,3,Laptop,751.6095804670953
49.128605889189885,7084.639165566363,4,PC,3762.9319923876724
19.527450793373944,682.8325086730292,4,Laptop,1131.2419427822774
179.54593583271202,5825.88289716097,2,PC,590.1500352862114
180.18319337550275,3465.371738960038,5,Tablet,846.56919537356
126.98718999738033,6212.946022497096,4,Laptop,1438.3484581026448
68.46692841869144,466.9629177870034,2,Tablet,119.89606945455104
70.49270534791951,8716.65269346224,1,Smartphone,1074.0647207622947
145.46518009517763,9735.154802082196,5,PC,2766.296793714654
179.52494173056283,9689.089774304059,3,Laptop,1366.2720404798129
177.53019842875835,7499.021799111818,4,Tablet,1583.4934569398772
156.19523362566716,1309.5615389050133,2,PC,117.80814748984723
128.76429758470326,7585.049327330936,1,PC,450.10585899922836
17.743853034014716,255.6232954234271,3,Smartphone,451.1213369377159
33.16411410482814,231.01427977468256,2,Smartphone,113.36334335473701
179.81228351688878,3242.866089303917,2,PC,259.6103214468951
121.6793828722584,4891.545472142611,3,PC,984.0351007323025
2.8302132717093,7706.370103899854,1,Laptop,23587.092766388614
21.19283703034039,6836.1208122989865,1,PC,2454.3904696041586
133.0368520525031,4464.568036703716,5,Laptop,1373.6628420652426
2.0072551853975185,2743.530396153842,4,PC,46070.035870520565
33.00080223208223,9971.273756575534,3,Smartphone,9256.21825445898
110.19802408395064,4267.55120933737,3,Laptop,873.7393202029657
138.68714434084595,4519.356373053458,3,Tablet,900.6372571018854
130.7402906410175,1644.6019737047752,1,Smartphone,136.2930802710246
45.6295925826514,7950.147392011794,4,Laptop,5800.860769002239
142.72366504815963,6939.885435557071,5,Laptop,1826.2716740385442
48.21256841186322,2215.488431759716,2,Tablet,724.9392565963612
65.75453993369428,832.9866457022686,2,Laptop,209.928412982048
149.5517896184868,6808.188027726384,3,PC,1205.7488369237708
130.2769469103957,6548.567030668541,4,Tablet,1779.9694693505269
169.99545868834142,2739.862674712111,1,Smartphone,154.56244800963216
131.86496556776834,9509.1269868816,4,Smartphone,2444.3381129065633
114.09341206375885,1519.0683388911934,4,PC,467.94235584431254
19.641278797790402,4329.024662415593,1,Smartphone,1836.7397529634388
74.17544480882727,9436.723042474312,3,Laptop,3051.8746032110735
53.775271168663366,4203.075896091962,4,Laptop,2798.599694466775
49.55393903243763,6388.874217164214,2,PC,1642.1401599113688
194.62910039573666,3981.968035648315,1,Smartphone,195.90753059980057
79.22644720868531,2749.4098714632137,5,Smartphone,1463.4007863930863
178.51726448024556,9839.936703118685,3,PC,1325.0780514374362
126.59658657345531,4099.24672308728,1,Tablet,277.69261578640953
159.16744940478804,8942.051044754553,5,Smartphone,3200.506380579748
101.02478152793323,2307.246512851951,5,Tablet,975.1375322799101
115.80387304064546,2138.915993210582,4,Smartphone,823.4754201404144
99.01102106995391,321.0294880162685,4,Smartphone,129.23001521960586
39.853354571810854,6520.151585505092,4,Smartphone,5665.559592788527
144.76797093703956,3691.578173800374,1,Smartphone,247.93912067377596
56.8737001257303,8644.938915897974,1,Laptop,1241.0551477535582
5.838877319859314,4737.366967848656,3,Tablet,22159.903199706343
129.4489868855264,9682.25234486807,4,Tablet,2469.556621487491
36.245025202002736,1863.3999018741802,5,Smartphone,2828.2633006827664
188.15125828622993,8687.545447876551,2,Smartphone,949.5728521400439
190.83178682351488,7768.2025593895,3,Tablet,1088.9717770146196
183.05801365386927,7711.509227994079,1,Laptop,416.0851868002823
74.66158135083343,8449.384448887708,3,PC,2736.2332328447737
4.075866689244618,7612.629669520559,3,PC,49745.75402575078
185.73539395495735,6265.9410130978395,3,Tablet,903.0682199920691
86.20864551514555,1321.1363280470518,3,Smartphone,449.7458296303532
193.36430898969024,334.93653311760664,2,Smartphone,32.33969653955499
192.76037544076132,9209.269999678712,4,Laptop,1624.6248916795632
170.74888163800466,6170.336642062173,5,PC,1470.1263002227458
59.59532952184755,7967.407536852002,3,Laptop,3151.276924697371
77.63444799178313,4820.408291610375,3,PC,1430.4196980225036
170.37619763185452,1181.9088077343208,3,Tablet,180.97838508674772
64.06747902609925,1260.606064103479,4,PC,644.1026711379146
34.72905659053241,6858.797219417424,1,Laptop,1658.025838652919
111.80345122921167,4308.755890045632,1,Laptop,362.60528132560154
187.29480005799542,2013.2420197363638,2,Laptop,196.37265910940363
139.50992953831962,4921.029521946954,1,Tablet,307.3881498691022
114.44217284778362,651.4472813805895,3,PC,155.49440195516246
20.33812226038294,5823.894305124843,3,PC,8159.716966079715
123.38643811313477,2697.2441103066258,3,Laptop,439.3844863805727
198.0207161707484,7977.61541536551,2,PC,704.6826824536489
28.87671903206828,3110.515969646502,3,Smartphone,2830.6577026259715
104.14760082038362,4557.649289327194,1,Smartphone,444.85300527849716
175.59724131366312,126.08919368192535,4,Smartphone,30.380117854262142
148.4129549330867,733.7444090676432,4,PC,144.33145797933594
139.70613245805833,3931.0106285027814,5,Tablet,1018.919362547542
140.79433271343476,4804.588958824063,1,Tablet,328.67362694376226
72.53873909273128,6004.2052757118445,3,Tablet,2237.150808627312
59.42477700863418,2923.7091613059392,4,Tablet,1457.4728317057013
162.0628699402242,6952.86904240416,1,Smartphone,505.9266557012291
162.21256554115698,8602.622747920153,4,Smartphone,2121.2050105628446
173.54739139744063,7800.711379044565,3,Laptop,1211.636219260283
182.7348699587378,405.79206523008787,4,PC,80.76678365559705
102.75713737332663,4810.264403105711,5,PC,1763.7208822428533
100.80174264275271,1058.2524823975668,5,Tablet,472.6804619253387
159.86074061438825,2428.0297084666495,4,Smartphone,496.3601183079425
130.34282222477526,9866.759306738793,1,Tablet,631.9683942212856
140.69140857428297,1433.530473586117,1,Laptop,89.11274757382492
159.3627412177841,4993.892652979047,1,PC,208.9455708274886
178.11106302169568,6185.3757858380095,4,PC,1040.5744268039055
68.26103621345563,7027.625055735599,1,Tablet,830.2127264789102
75.74100757534886,5600.8903480342715,3,Laptop,1894.7031834429938
19.70240602833293,107.61076571764475,5,PC,231.02796650657336
116.07774805823863,3271.3484693574787,3,Laptop,764.8157035663613
8.152512485551675,5181.939317413267,1,Laptop,5887.259704369057
93.65400560835957,887.7863264568853,3,Tablet,287.46974280277936
108.98628230680775,3512.7630427797158,1,Smartphone,321.77381271006834
58.0217091735286,341.699056825752,4,Tablet,248.91167408774982
118.57581885323314,794.9991865786573,3,Smartphone,191.56758784376981
7.069549737870837,3975.263529253945,4,Laptop,18612.61121412846
8.432289561093668,1335.8303828901728,4,Smartphone,6326.186797673634
164.697511571272,5679.733074132966,2,Laptop,568.2447843785725
72.67793764084132,6897.755041681285,1,PC,899.9274417365315
26.285042017725072,8007.861124099738,5,PC,13564.424932995511
104.92640875090606,2009.5009400056529,1,PC,164.7073928728518
154.22871706662355,1683.1509967681068,5,Tablet,491.41182846807584
43.94838447187179,1054.6327249406586,1,Tablet,204.6155554994265
124.95520468798105,6367.938192940931,4,Laptop,1836.9968697505262
17.984145533759833,7067.6925076041425,3,PC,8368.830878406137
11.284662512552933,325.54558680816393,3,Tablet,887.3308979099179
106.73957168206145,9362.760339974462,2,PC,1378.524302474325
108.58638920041119,529.1931236782094,5,Tablet,223.2074965956275
127.8485503981431,5417.550389657694,5,Smartphone,1812.7218062841443
145.49217541080964,7093.514589314655,5,Smartphone,2460.2466209830286
195.1945638130444,8710.981546223395,4,PC,1363.2720751496818
103.74376931193787,7143.728452002953,5,Laptop,3087.574591078802
65.26833811530794,8019.263549867221,3,Tablet,3524.582805012151
159.24205275897202,3401.1074235026326,4,Tablet,710.2179309425213
54.89561800115277,8150.102886327657,1,Smartphone,1240.328738816499
88.35531272042158,810.3473153829046,5,Smartphone,497.7146904809702
16.612819887110923,8949.21839404467,5,Laptop,22245.662904821587
6.0447979396760445,5480.447837775825,1,Laptop,7806.521089575017
192.5670345209071,8174.804721925312,5,Laptop,1874.2154168406437
167.36004398192895,4528.659662337818,1,PC,189.3355879888143
139.4988670126459,6439.341175013285,4,Smartphone,1818.2105582534841
82.3816359384397,5268.762582751771,3,PC,1550.1483865242553
35.48556969409831,7318.579322335765,1,Smartphone,1816.1765368095437
32.13097149154612,825.4835204855899,2,Smartphone,427.66924582632043
50.79833673475447,612.9173190657324,1,Tablet,113.74879755199241
110.29610627651797,2478.561307761363,5,Smartphone,1176.7560170428142
143.2045886173124,1603.8513543307515,4,Smartphone,429.1665618456067
132.3792779668285,8719.117830256095,4,PC,1805.331640676129
56.70684549224263,2199.947733706863,1,Smartphone,326.5239213050353
191.01819085197562,9758.893905633122,3,PC,1173.1476153948308
147.84148642245793,3375.5889597933574,2,Laptop,444.7141744593971
111.31645644976874,1829.3579777301059,4,Smartphone,603.4200065946109
122.73242850063609,7899.088086353367,5,Smartphone,2886.800731049909
84.50041242313019,6590.490677253752,5,PC,2597.6593120970447
50.29846691073033,4986.975207366859,3,Laptop,2340.297658808623
71.83856305160106,5558.081873866936,4,Tablet,2411.73136447536
151.81137598240946,7194.825764939916,1,Laptop,359.06360431192
3.864304237321418,2292.262865899674,5,PC,24012.174740096223
24.09845546087633,9963.375821406851,3,Laptop,10025.903098996765
10.154525762328797,9748.183689846364,4,PC,35940.253218268925
9.105031661475056,6506.753606605899,4,PC,25333.452035527916
171.23665621819043,2003.4290847821599,4,Tablet,390.6626686770409
141.02791401662472,6805.4801418886,4,Smartphone,1650.147498224612
95.36059198837772,731.2621057019667,4,PC,279.31688046029836
20.468997969549296,316.2184970360026,5,PC,720.5279158042895
98.83155914824964,2584.2520562270247,3,Tablet,544.2803952060603
95.22088238533257,4631.60333782577,4,PC,1570.9533249723609
35.467172112093024,8684.042329029722,2,Smartphone,4492.802919318716
87.33647819835663,7274.419006965417,2,Tablet,1576.8625446440142
80.30244214507731,7429.638146787811,3,Smartphone,3119.8419187850973
123.55416951239107,4260.678411136273,1,Smartphone,308.84760800003636
127.38363652266112,3465.8905755441597,1,Tablet,192.0131515621227
10.01549794463686,3716.677242216181,1,PC,3140.633237146563
75.54791031066777,9876.619141723218,2,Smartphone,2802.9107028509543
125.54612322713304,410.6908222107,1,Smartphone,29.852871994074132
101.12411545743745,8671.644646263261,5,Smartphone,3750.8996500671956
171.44147839647613,5790.96733163821,4,Smartphone,1216.0421804674543
132.08003269217005,4391.768037704009,2,Tablet,641.3833143451373
33.423950989204506,7255.3240275472135,3,Tablet,5525.457191736888
15.043180732685538,4871.822724832781,3,Laptop,8450.601820492335
128.8414363630568,8735.498148435789,4,Laptop,2290.151858327695
6.275750797782741,9008.011621472473,2,Smartphone,26815.025170240777
117.56934067341919,4222.99205946582,1,PC,307.5051523674274
188.10581804356656,2775.509694378165,1,Smartphone,132.2249187663131
115.51936139729992,5927.579782647688,5,PC,1964.1196402592445
78.24581531509786,9124.509822710743,5,Smartphone,5925.388604665399
129.01435547002828,2114.515268166609,1,Laptop,124.39763945231701
92.1923252078118,6233.436169799193,3,Laptop,1557.7750267741078
109.57774107387105,6319.28659872428,3,PC,1209.6306034681097
188.3514969465285,7333.799093928657,5,Smartphone,1987.884484329722
77.83442492235407,1324.3611744213254,4,PC,538.7534886840155
192.27692220095892,7161.091397174065,1,Laptop,272.431614231647
181.16477774925667,9091.234881449753,5,Smartphone,2563.140044280608
39.96243582306999,1805.0342576137173,5,Smartphone,2007.4816988188063
14.802898874157925,2383.0578159895376,1,PC,1175.6248062504635
21.054822274107902,9714.23698947598,1,Tablet,4020.8894564291973
4.626143304658395,1817.9597575678029,3,PC,10826.049890452492
19.79414919042975,8545.307082762096,4,Laptop,13967.423015819342
136.91834790985502,4927.855785915867,4,Laptop,1282.0855482680913
15.166541043585568,2479.8384332877386,1,Laptop,1477.0144489821482
64.4761504284585,8708.79151371239,2,Laptop,2375.7011877528917
169.13018688292146,4458.599497476628,5,Laptop,1251.0622813405917
5.631115211429347,5153.025365757605,5,Tablet,37795.131870921345
163.0792280351982,3598.7413603036593,1,Smartphone,186.02417538892976
57.08910017990659,5933.579005834925,2,PC,1486.198752676674
24.514800696709596,1643.6034871243774,3,PC,1585.8422457990673
139.65069590746597,3916.9045511510894,1,Laptop,213.82404851335966
126.15962650919691,9694.429100129522,1,PC,623.810444800711
175.61693069188354,2588.752992684264,5,Laptop,625.4482430602578
147.27913771697328,6570.799278767509,1,Tablet,436.9681779385914
160.89270514658486,3258.6487416047016,1,Tablet,185.27308850068886
57.12487994168999,7736.996525609141,1,Smartphone,1221.6817506834213
36.31046921216484,1317.4278705763147,5,Tablet,1678.7986979911627
150.37233557653082,9698.512240334661,3,Tablet,1542.7265528668925
161.56011311418553,4543.3575184225565,3,Smartphone,790.9981803440736
198.11052325813398,2368.144128831175,1,PC,98.6836197996431
83.11091770537386,744.2325058268265,5,Laptop,381.9153653313515
75.03159907276385,1705.881471824532,3,Laptop,598.2108352784284
155.50617918765738,5202.541746074617,3,PC,751.2201729635811
68.81990451035055,3376.66173254855,3,Smartphone,1544.9690723726642
186.22070779510938,8290.544825167268,5,PC,2105.291570763534
171.82413761675934,4314.566361381441,5,Tablet,937.1548668190313
86.36981144762865,2494.655583150423,1,Smartphone,238.79866069196257
150.42334249050796,6175.27841617426,4,Smartphone,1552.170456387946
151.1540319428518,7070.704396685604,3,Smartphone,1286.9094147707963
21.52164989835059,1678.748659930489,4,Laptop,3125.7374847233627
180.60802842923377,1684.5159707202934,5,PC,381.2762934150685
101.54522211712357,376.3475550660943,5,Smartphone,198.6970563032047
165.4650357554406,7366.6561305057485,5,Smartphone,1665.789853778216
64.68987060509174,6641.4072309418325,4,Smartphone,4179.72830786785
179.2091224707439,4751.56244874064,5,PC,984.6775884922528
78.45113406809845,8443.26278520228,1,Laptop,840.0109001434843
3.1566926445793735,8058.644827971031,5,Tablet,110643.25581343174
181.17101330743347,5857.690100323554,2,Laptop,466.97031230484595
19.16604868044058,8684.030092327454,4,Smartphone,17812.962103685826
64.54341388049255,2066.3536882673147,2,Laptop,549.4823652132283
190.06233144311017,1128.0769977833015,5,Laptop,256.5597183899644
190.17082224057367,2704.7986190547263,1,Tablet,137.64105404382937
115.11413973653394,580.2976923322553,3,PC,139.31219496215567
126.73560522179005,5316.38358473031,5,PC,1616.916045232752
90.24065887368563,9366.690866026665,1,Laptop,915.8024262981603
59.348943567914844,403.0419712784114,4,Laptop,235.45348873593642
66.40424452861328,1229.8780409601677,2,PC,307.5273344825794
134.83117275933066,4527.468292551518,2,PC,558.3534482738801
150.72253135809834,9339.41142510377,2,Tablet,1276.7947787801431
158.52422970144386,3168.3994887177378,4,Smartphone,717.857794207681
158.1340104161162,5077.2757387970405,1,Laptop,229.1257190603046
19.150014506689384,425.31286191341707,4,PC,661.106787647451
99.3896406358137,1491.9485776112676,2,Laptop,271.9637727833946
12.454193243312213,9866.43492835888,5,Laptop,33434.36271006777
110.35624758242336,9651.535777396095,3,PC,2000.8430810256737
88.86456977330202,59.35040953475206,4,Tablet,21.190339130124247
177.65313236890165,9518.599736378157,4,Laptop,1844.7270415255537
70.83208749786365,6394.808178776849,1,Tablet,854.2214655371076
24.296336269093565,8680.50376225502,1,PC,2945.634606197932
29.455344728514333,4552.851157782253,4,Smartphone,5671.61369683815
152.54061571177698,5160.80432550671,2,Smartphone,646.1826034759214
124.02539459993595,4893.5773367666325,3,Laptop,1010.8286269210186
21.123412548435258,6671.973932885582,1,PC,2574.7882224314008
17.73725441688449,1405.116035015566,2,Tablet,1241.5374562732109
140.49285716036488,309.4361628280528,5,Laptop,94.56698146546432
15.479838266474513,3086.2201164959974,1,PC,1524.688977900625
164.5501517987809,7049.760819739101,2,PC,756.8145723208677
141.54220320414274,2026.515986708254,2,Tablet,257.9147094370885
17.188407347738053,6737.590008915924,3,Laptop,10730.123058036766
17.882705102953192,9699.421340611632,3,PC,12624.54753311327
197.34127612173393,948.0681507362897,5,PC,187.06206551579425
75.47988835546795,6729.295161069012,2,PC,1639.6041059791185
74.7577872663113,4443.064690852666,2,Tablet,1102.6855680196986
162.74711388424302,8682.741121231278,3,Laptop,1251.5142761064046
189.50246689938788,1779.7263965793852,1,Laptop,86.18083305951309
197.21421170075132,6929.333262739384,1,Laptop,280.1031675767233
150.92225886652938,8382.77174358462,4,Laptop,1913.1705426979279
75.87565752065224,9446.696052545492,3,Smartphone,4161.017097997511
17.616642623035084,6835.647802613562,4,Smartphone,12517.091220055838
155.65223626955992,4976.775892444189,3,Laptop,793.5574090818872
112.1224456974252,6182.293929610127,5,Tablet,2550.663614350068
85.42017984014828,8690.360794942395,2,Smartphone,2061.4853206436105
181.36452263385246,5710.391368921909,5,PC,1103.103993470367
23.128298978924118,313.56672637140025,3,Smartphone,324.0149218539021
99.03239575388098,9310.177468114709,2,PC,1668.2515887512504
3.2593753087163946,6898.372242805296,1,Laptop,16538.921923024063
94.26346775683113,6768.368723914693,1,Smartphone,624.2755633618225
12.204351860685632,2164.5947724531948,4,Tablet,7283.845514229299
24.644765337346314,6592.265847624245,3,Smartphone,7605.345944573933
24.387723108643872,3944.7054124850433,3,Smartphone,4601.867004156058
130.19285012109665,6515.817440644506,1,Smartphone,462.56545071510493
149.46293097381923,1074.8643727768274,5,Laptop,265.7382444659563
117.09038425433477,6581.87459298433,2,Tablet,1066.8468573586724
192.47233714643383,9994.143120448958,5,Smartphone,2543.5841812843773
75.59924532521711,491.6382682169547,5,Tablet,293.9075660943028
57.85670517009029,9771.97010037096,1,Laptop,1405.7670378345629
173.8512265097026,4075.010527621477,1,PC,182.03564241416663
45.495571865371076,8708.826968869218,1,Smartphone,1966.0075913777378
192.68128534868166,7826.030985742152,4,Tablet,1423.7359588495412
3.418740463273452,5674.492447256811,5,Tablet,73297.18350165435
194.00588651482016,7387.107600420752,3,Laptop,1012.9106056805082
9.588822478164646,8786.370457400466,2,Smartphone,17606.956370220003
178.33747962591616,4047.3618132938195,4,PC,845.5071341630243
106.01252070817367,3277.0612840167546,3,Tablet,679.1274788148633
198.59999442774077,6679.257921780211,5,Smartphone,1630.1342404257505
15.685516382344373,8080.380959993173,1,PC,3830.3996760057407
111.21700259586284,7625.228496418391,5,Tablet,2760.1159399564226
193.89120458820068,7980.158352097758,2,Tablet,698.2531048576368
105.09647098985961,4361.477314981201,4,PC,1335.253394873228
126.25032898891725,8180.163819588466,4,PC,2093.9234646720433
139.4539891079388,1210.8884631523783,2,Laptop,124.05188466179426
91.45367188878687,5449.446088628887,3,Smartphone,1591.4203448252958
125.88405793672862,67.52901837623449,3,Smartphone,15.57244251857995
117.27854807269695,3252.6124407037,4,Laptop,852.277644280159
180.3304440877068,3670.9507333652646,4,Tablet,643.1095626791711
10.043829687950117,3967.7651891764613,1,PC,2447.3412723658957
56.91167472885383,6957.717394831723,3,PC,2739.523445729078
190.1318853312352,3891.695431690754,2,PC,289.84468380110474
178.16249299429234,4492.449289999081,3,Tablet,606.2514226890451
91.67569380435687,2383.0658674345314,1,PC,202.30350729167526
124.4063869625058,3738.7853983771074,4,PC,904.0107575626586
56.198855413245404,2280.423576358883,4,Laptop,1207.4248904614078
38.436110785028504,741.2272784467519,1,Tablet,135.14960408236135
93.27598258305645,6038.451447879966,2,Smartphone,1255.427020798145
71.3170933771845,6685.445857564612,4,Laptop,3395.359637364935
117.14756625832354,6198.708556636049,5,Laptop,2139.5517491431187
16.469192756031983,4640.305497567718,4,Smartphone,10325.394721717
194.90456672556712,3804.059943990506,5,Laptop,822.0226134108896
197.25593815144097,8634.703159222534,1,Tablet,450.53417545131896
139.9341810899293,5195.627033510818,1,PC,250.4665836445267
107.68317690247996,4797.026957521012,4,Tablet,1518.2629887006758
62.59599564097922,266.1642374062925,3,Smartphone,99.38533520262558
162.9452089216828,3419.0657979853017,5,Smartphone,1023.2078511920687
137.26150333822198,3808.154231670712,2,Laptop,460.53716538250774
33.36077092963337,3994.239581160036,4,Tablet,4343.4322604394265
182.27450971427464,5805.921968581049,2,Tablet,574.9397792324756
164.68491134171063,5340.689441801515,4,Smartphone,1341.8384946052813
190.0101827450929,6082.971877006512,3,Tablet,899.6453492968494
145.41818216928363,7651.1837828058615,3,Smartphone,1608.9815508518877
123.06962399122219,8131.727529773774,3,Tablet,1574.2338397795745
84.23036422183316,7184.049531502679,3,Tablet,2545.7895823815243
186.61296818744864,9555.681722589798,1,Tablet,422.28409197291455
173.34671401058125,192.1435009368527,1,Smartphone,9.738712359123003
9.998515351131692,1965.8220769786255,5,Laptop,8502.58826748177
6.247027924953149,85.55312103163978,2,Tablet,250.81758575037728
75.91621000873187,6478.272394404484,4,Smartphone,2868.249234489254
162.30011282558473,8981.32518401037,4,Smartphone,2047.2046756056868
197.46794973367395,2442.3881427972296,1,Tablet,126.30451229029806
30.932961329602108,9271.075102515104,4,Tablet,9091.798129462062
119.23201235507489,612.0712289927129,1,Laptop,49.64948673374473
76.79728046957328,9345.015907787089,5,Smartphone,5587.911302674221
194.01296516510604,3522.7106455239477,2,Smartphone,261.88059527358047
168.58166570400604,1023.194076207673,5,PC,209.59595841511637
167.82741223751643,4863.858874271393,3,Smartphone,739.4549416827786
94.26993879919908,2575.1979115278746,3,Laptop,647.062000634078
83.54908096519537,2855.880290599609,3,PC,811.7792525702364
55.40800731421054,3079.8267496136027,5,PC,1622.2938282556904
12.218723833534495,8032.228719348308,4,PC,21428.8153596083
173.0797528747556,5396.221153985793,2,Tablet,495.789012023519
162.76730081688544,3119.9639145684764,3,Tablet,582.2302835703442
199.94381698394,6107.234495276074,3,Smartphone,839.138960162672
199.33073057770716,7164.345235489704,3,PC,943.938680474607
111.53090941492286,2733.5137673280024,2,Laptop,458.61694814065856
154.0284956209216,4141.355524238262,3,Tablet,794.6542564683965
189.00838024660317,1227.642072436106,2,Laptop,103.19632410153056
170.0798307448049,1819.6820018514563,3,Laptop,254.63499988783403
50.22227224689633,6814.3673611101785,5,Tablet,5894.739518120793
90.65828292670861,1822.569093479313,5,Tablet,950.3465779144848
26.7027236151475,5256.382202833931,2,Tablet,3320.803989566717
190.85615442448577,7093.372154607103,5,Tablet,1632.125016366067
121.62875225572513,1077.700461716491,2,PC,145.64788794120747
46.49991829518908,5677.449074092747,5,PC,4441.9013887665615
134.6684361967655,2573.062209176624,5,PC,690.2766497331346
124.00751985112127,9629.639483623423,2,PC,1222.7951444082098
72.27438088853526,4840.621010732048,4,Smartphone,2514.9242229606257
23.597960847726174,8061.86557225383,5,PC,14258.279802878744
134.6430659229671,5506.763156141055,3,Tablet,1163.9178771341421
104.54123247985487,443.69120321964346,4,Laptop,127.24927346466113
154.69135995539222,6335.1822421842835,2,PC,602.0464636021923
104.51253672128668,9514.519388644503,4,Smartphone,3094.5755283227854
170.5841185633895,6020.102083261849,1,Tablet,358.00700664955986
110.82946091612263,8193.696705673634,1,Laptop,615.0863585138513
112.62665633554187,8843.222568850593,5,Laptop,3311.354467588564
175.45406692901065,2288.5169217698353,5,PC,524.7501464118398
81.29309037626702,2128.327950683184,3,Laptop,614.0774069171146
27.669030461677504,6113.700078621408,4,PC,8176.705786938439
6.727752586354455,4116.17441336898,1,PC,5095.74048491438
151.2723138790502,8400.214415638537,5,Tablet,2477.7894743523757
124.44160071933946,9001.231002746132,4,Tablet,2287.5848933862953
141.1118738517455,3540.679579234154,5,Smartphone,1043.5696675195063
43.37986814027324,2376.336884155076,5,Tablet,2359.4457744454253
28.137923641767184,7807.449897286179,1,Tablet,2293.7599657853884
3.8943884679085037,2755.3122951258797,1,PC,5055.88605233925
70.7669242025128,8227.917041951647,5,Tablet,4975.76827035512
118.39361968407198,4243.145153951141,2,PC,561.0182860992576
79.05656497484674,6678.82349392179,5,PC,3427.1762127805428
88.05750948272208,964.3977852083351,5,Tablet,462.2231329282503
180.92758020425595,6242.354653518964,3,Smartphone,876.015042351938
70.30283793763677,4523.159110584919,3,Smartphone,1639.8667988259954
103.28390834280235,5870.218547122986,3,Laptop,1610.0153215904302
156.94694953548748,1688.4619353711855,2,Laptop,158.50960237616334
79.91201368193276,7371.36871199238,2,Tablet,1699.4432691790744
124.79525334534682,8629.342804656853,5,Smartphone,3423.085376035837
172.61037804060228,2175.2306029068486,3,PC,298.7793083578418
189.95460410787078,966.1884096464156,2,Laptop,100.8102582920809
30.267622704878548,246.1494746029006,1,PC,68.32363777666411
185.3909374071374,6423.295289428227,5,Laptop,1727.6825519372492
98.9311423228281,6074.869420526919,4,Tablet,2041.1436911509556
52.39063327149271,5471.507153013559,5,Smartphone,4603.107036078737
92.368015491414,2327.1514901985943,4,Laptop,893.4210864765236
196.02648248180992,3915.1508990960915,3,Smartphone,549.1862756002773
99.03100070458105,5948.818588509868,4,PC,2246.2753102884153
66.42157044721414,4972.7009200031025,3,Tablet,2064.637844436269
127.04677000902842,9877.977346946724,1,Smartphone,655.3324869887108
48.78897813686042,1373.033128041764,4,Tablet,826.826075882885
16.09680229362412,6954.494094935462,5,Smartphone,20172.316686697977
26.647064660219197,4049.144493361878,3,PC,3614.4083875187775
26.481121952596716,4287.714153106891,5,PC,6679.849924842706
31.228636008946577,7178.801678925181,2,Tablet,4581.5114785307715
28.62660735723262,6927.437151730453,3,PC,6434.561538017046
128.53407421583972,9912.64737708486,4,Laptop,2447.368255260735
37.19413679542982,1292.658951646711,3,Smartphone,854.3374846904821
69.78778938144877,1050.0553973478218,5,PC,527.5798815961772
179.46089357129637,7246.144783116124,1,Laptop,314.9666157859175
95.3183664123116,5788.085300894027,3,Tablet,1559.9142571725713
133.84398996568441,2748.8650589324607,4,Laptop,712.9047923537801
35.29165436912434,803.3994961999762,2,Tablet,372.2881044469261
39.26551474292548,865.7259134683411,1,Tablet,201.47737017298107
9.132854637029293,8942.966837894543,2,Smartphone,19099.473807147053
34.61807755136075,1926.7545739402417,3,Smartphone,1594.0315664954128
56.439477467359765,3240.481905534052,5,Laptop,2144.638204198126
36.225086371072614,2274.2974582476104,5,Smartphone,3092.6831423770054
18.651804217654067,3556.4130952610535,4,Smartphone,8672.313762374959
25.00653834901956,703.5441890334728,5,Smartphone,1356.5282663093299
92.69497483851242,5195.407311173621,1,Laptop,332.60550662871293
42.06040996275271,685.4495102862269,5,PC,732.7608460943999
73.48970234856702,8005.561513145392,4,Smartphone,3812.861026533753
101.18003690011652,2344.783698285226,3,Smartphone,802.5887285511423
138.38857089724368,5404.719026899061,3,Laptop,998.1250544479591
8.823115828378688,8801.990084738967,5,PC,33181.557838223685
160.0826693828995,6512.26491678147,2,Smartphone,607.6482985361938
125.95217750869064,5334.24828764784,3,Tablet,1303.2637968000506
17.27004735782551,3250.0941936226022,5,Laptop,8800.204389601646
174.84214619724867,3336.6891114513974,4,Smartphone,878.386657271488
184.25360770583083,6698.174682429919,5,Smartphone,1712.5991346613127
13.154514011117886,9941.452218599463,3,Tablet,20039.262156023335
56.09865198129354,6621.773506595292,4,Tablet,4036.2836639233733
161.4340546788192,5582.256339526549,5,Laptop,1360.120469239825
149.90367838634802,7309.198597290068,1,Laptop,394.49130158555323
37.71968285191909,4657.4040667143445,4,Tablet,4485.660929609578
42.66051534400535,610.8220025818443,1,Laptop,110.39907806926726
74.72394845548502,5627.345190620319,2,Tablet,1115.3297019777183
97.42007405301324,9576.676592208749,4,Smartphone,3759.9827562629985
124.03269953452889,1761.2763941530197,1,Tablet,115.28969836147503
74.4138142743847,6903.148859298451,3,Tablet,1672.4194994301722
93.04440851049642,2017.3275497039742,3,PC,549.105149029012
149.74671668861754,5362.918567886082,2,Tablet,566.1323047465967
8.299957375228981,975.797731970729,4,Tablet,4456.783249272587
51.23495192446013,4509.205653219269,4,PC,2995.970087964217
142.95656759102593,7564.071655663508,4,Laptop,1832.831958856492
179.14616069975267,3482.239527147431,2,PC,388.6606366758552
102.82381098101756,6652.468127627308,4,Smartphone,2402.054593695426
106.89058356779782,7956.545108289394,3,PC,1735.4437272096159
22.327230256615433,9272.506416599732,1,Smartphone,4175.936787579272
90.03506099786748,2354.0743977359807,3,Laptop,656.8729957510841
106.99083602454961,3999.1659989349882,3,PC,1001.1922802623268
49.2516302233112,1532.63597317087,1,PC,217.3612056147218
54.57940295892681,9924.910186562169,3,Laptop,4018.699705121551
76.07954845781991,9270.73966956371,2,Smartphone,2469.415710868995
4.994168357767547,5404.17173150279,1,PC,7648.421205480134
65.09375395105248,8421.91261082045,3,Smartphone,3875.629158530817
43.07815339231239,5214.370192947701,5,PC,5020.924016832337
66.17197308340502,6239.62102314757,3,Tablet,2339.877496613808
24.832664232030993,900.353076839006,2,PC,601.4087551565976
178.2149288672391,7555.1515007631115,4,Laptop,1251.6923060479598
119.12489825725568,1285.8577015159958,3,Laptop,245.42869748237177
136.14136150975344,8262.415626222759,4,Smartphone,2230.6063726077136
158.0450764828603,7822.460595827155,5,PC,1995.4311128807317
100.1899975868824,7090.359530452334,3,Smartphone,1937.5146910057067
18.297137329397316,371.2422014423735,1,Smartphone,199.23208846877625
107.88420182189101,3038.252275893833,4,Tablet,1040.2192538724678
117.78138248615494,2638.4945734093203,5,Tablet,1147.8958772433218
149.34245536268168,3607.7627106404757,1,Laptop,201.4944220711014
86.9002496997062,885.551040170747,1,Smartphone,107.36699444274132
26.388480256317187,9370.208652080317,1,Laptop,3265.523063779143
57.471405253946166,5542.4843847166385,1,PC,948.495020334095
73.25337698332838,3062.1878634736554,3,Smartphone,1165.2907081692676
129.53753102498865,3975.845355572091,3,Smartphone,830.1860496160929
114.58488262911347,4477.553379643308,3,PC,1055.7817189540726
71.8632484536714,6009.9373902725665,5,PC,3474.1429517926917
197.31653450980295,5161.637482688013,5,Laptop,1242.6058192806188
121.54918905202054,9194.725812412029,5,Laptop,3413.4078315492943
48.2081315554629,4974.665194229245,2,PC,1303.2229916983342
21.254712051460345,9921.658568084893,5,Laptop,20394.303078728157
31.41896869768207,8515.735327873506,3,PC,6707.355903912487
49.945587948517115,2093.0200384297846,3,Smartphone,1198.9779514988234
32.97559327865158,9306.646194292724,2,Smartphone,5242.278467300964
38.12683778620985,1172.500314875906,2,Tablet,459.66871204983687
57.73393857007557,8176.322587827004,5,Smartphone,7247.100634355299
35.50134546365621,3812.426701831035,4,PC,3564.8660623852143
179.4563195006586,8780.963461246245,2,Laptop,914.9119917614228
16.9665153866668,8681.886334173429,1,Tablet,3848.603419919348
105.37776652448068,8061.194747175035,3,Laptop,2030.5905061625353
82.66896857094264,7902.404058707543,1,PC,746.7824410501551
196.49334476481266,3053.7445995894273,3,Smartphone,445.12024471895904
23.295741531442417,818.3836376820093,3,Tablet,915.8991480986421
80.17326421010259,4035.771985863963,2,PC,849.1927661500025
193.9246162217984,1743.5099047152216,2,Tablet,157.23065528491674
173.23591805290206,6952.561378135592,1,Tablet,319.2158680335629
163.5973421189067,3467.5362681124775,3,Smartphone,603.6349347332427
52.32266258194303,9756.34590659055,1,PC,1459.7712499466943
35.006629890623095,6413.311052679866,4,Laptop,6119.577642679651
134.06000076496176,8226.580830707266,1,Tablet,371.58167458415426
185.94582183638957,1333.9214806910659,5,Tablet,340.5961681991895
111.79581570977203,8621.524677903499,1,Laptop,628.9840275737424
114.75092520451007,9228.34433322881,5,PC,2783.148555704592
56.71583963839655,4875.74856900117,5,Tablet,4173.294152951445
154.12909370519543,6066.466848132264,5,Tablet,1860.6382631271247
38.22170596294715,7650.449911020924,4,Tablet,6883.846685020544
65.41216804444448,1756.6378863315213,1,PC,190.0861560707655
85.66185128466694,5030.635103869789,1,PC,478.1774657845489
102.01446535820655,3992.643647445408,4,Laptop,1334.562610561844
49.23953675060097,1472.2761817008686,3,PC,783.9377001737889
23.852528123101504,3681.668878692399,2,PC,2360.0350533856476
122.51338844588489,691.0413707610808,1,Smartphone,59.430944877037874
58.4374800948109,267.860950425375,2,Laptop,73.02874271999092
116.66640606309984,1360.3112286566793,4,Tablet,358.7775541236709
31.71818033956626,9631.519964775847,3,PC,6462.635228243406
96.74688026910867,5499.800063591219,3,Tablet,1506.4671714334434
106.98529707776558,9658.563389920668,3,Tablet,2391.67712402592
11.312883827662954,4330.653804518019,4,Smartphone,14884.065848527296
67.98425136059019,3125.043169521743,5,PC,1822.0695721021327
27.748520710855875,5066.357209774039,5,Laptop,8438.954071195158
13.61161912408078,4400.721769442772,2,PC,5037.838901692862
198.00208624559912,1065.5901957748217,5,Tablet,191.4388255769158
65.14841514996986,6411.854883755161,5,Laptop,4093.7842454126594
162.16501472507233,2168.2214432709,3,PC,256.49538101978965
51.673490297989005,6199.683669429318,3,Tablet,3286.2434005001196
136.61904172256192,6505.5089130575525,2,Tablet,936.0356825660675
152.28534411804762,1528.7282827551946,1,Smartphone,85.16281152119615
119.53210938096102,622.8827748355749,2,Smartphone,112.00412219468234
94.84366152148152,7809.808244823714,2,Smartphone,1680.644328599058
82.95634191530644,4603.406233455508,4,Tablet,2211.089915446054
70.42478504205606,591.0563170997032,4,PC,273.6584778095923
185.97629970531733,9948.714508525974,2,Smartphone,906.9887663516646
166.2932621497581,587.2278043537027,2,PC,60.912097012002995
193.040355222636,6953.401936296947,2,Smartphone,635.6821944619512
25.7351474736234,9836.952463381502,5,Laptop,16283.959558835431
146.4426275655252,2399.409241117097,4,Laptop,542.4466278227635
187.72975090738652,1431.07119318509,2,Smartphone,159.63103854564469
37.06538016696637,1222.6355448300646,3,Tablet,943.8657957727046
14.232757205988722,3039.7187242002797,3,Smartphone,5981.685492540102
148.48300920872174,1019.4476519963605,5,Smartphone,260.0389472997876
115.32014952280247,6924.691803524378,5,Tablet,2499.251532855416
168.52392657489614,632.2950633193263,1,Laptop,33.82047652971719
28.81470294863161,5099.1270602163995,1,PC,1455.356690854945
159.25819506011814,9967.001569991238,1,Smartphone,500.48155139508987
41.12383668950116,8141.562992365128,5,Tablet,7209.35545086616
33.567532630275196,6156.042187927798,5,Smartphone,8798.976383039444
33.68889378826759,3069.4736716582506,5,Tablet,3621.388334929669
163.10036932604504,6242.719404553468,3,PC,830.3482558938871
133.37424691854383,5275.1442244774,5,PC,1688.4682409486359
105.09001952905474,4266.573005064811,3,Laptop,1148.973918775307
72.407266340577,1315.7966636345927,1,Tablet,149.40422454341643
175.56290762180853,8867.176110252263,1,Tablet,446.9426170960898
79.09657637710444,4503.348641725012,1,Laptop,475.891277457304
163.50328845484384,1954.278893089443,2,Laptop,198.00033957487102
88.38784680547346,3683.915915264123,2,Tablet,743.9679520947865
76.01194145555661,4147.156227763981,4,Laptop,1976.8143368084923
93.07327734825168,8277.103576713074,4,PC,2654.008414726355
60.97419695866427,7338.807661808406,4,Smartphone,3840.041816017585
149.77426665507397,7695.355887476984,2,PC,961.0066004130841
101.04135762840335,120.20233164218567,2,Laptop,22.218718365788455
47.210326334216646,4167.3784418158175,4,Tablet,2792.195738118246
180.01534008163912,4818.628074836883,4,Tablet,964.6553885720817
77.39435305326907,201.7308454623363,5,PC,114.79898308689904
109.16701936168373,2605.533955362892,4,Tablet,912.184297220467
181.38795008194484,7605.295332990128,5,Laptop,1846.9677190154043
125.22336118688443,1379.7259602327006,3,PC,259.9334759071517
24.26271010096445,5357.748213211391,2,Tablet,4603.82328007419
188.02659259908154,2159.8667014522025,4,Smartphone,442.00391637281905
125.91390256121215,131.08653869249378,2,Smartphone,18.587657827795834
67.64621731676014,2419.6025614194195,2,Laptop,654.8915963952417
28.715142460014064,9758.978811551437,2,Tablet,6099.900311276714
159.0110126647889,8017.355747711066,3,Laptop,1318.32792004431
124.3944784297742,9596.170676767124,1,PC,629.6817184487129
107.15875730328798,4883.661898824361,4,Smartphone,1800.9633941545935
178.88462402714057,1106.26462478826,1,PC,44.633080174984705
157.9308450336816,5484.115294847193,1,Tablet,263.8742473004913
31.183301066817485,4549.229572254009,1,Laptop,1404.7058032395785
63.0326914913141,8445.127256568763,2,Laptop,2312.826136562384
50.44933882307868,989.8449820346034,5,Laptop,889.8113906595138
149.04531222196272,4887.528958847564,2,PC,432.3454642226453
7.672954512420097,1508.9861602929027,2,Smartphone,4096.766053834778
114.40804728939199,3253.5125096316992,1,PC,215.63843282844323
152.72927846239742,7376.197203104119,2,PC,710.4350759897443
175.47636171558815,4765.421112393978,1,Tablet,239.86623651817206
69.07426799446559,3765.1239686062354,5,Tablet,2185.6682631156627
164.43020362973056,3950.818022914653,4,Tablet,854.1569664639416
23.01571565408624,4599.873216375807,1,Smartphone,1855.3703241884732
169.44400605516913,7852.315272932198,5,Smartphone,2412.0330600351126
26.3702438040645,8921.926042512941,4,Tablet,13850.117011623355
80.06017082151308,9553.793518174243,3,Tablet,3653.6529974024525
159.66177779013117,7871.164828690398,1,Smartphone,358.91917185131354
30.833568042405982,3160.9148885226473,1,Laptop,782.5556215428334
46.621027651295655,6884.465713804556,3,Smartphone,3220.961762980666
144.7282611102202,4381.655209313365,3,Smartphone,752.7979480080684
144.2872707726688,2554.159514240051,1,Smartphone,155.7847881167823
128.58837894417417,8410.307078464966,3,Tablet,1815.737332040987
139.0957404489529,393.87922613362673,2,Laptop,45.21234351008355
109.00216422617164,9018.60230143288,4,Smartphone,2961.564121938715
51.1080127224836,4620.159871601094,4,Tablet,3272.642258310757
69.79350270727997,6375.642753314722,4,PC,2423.5369920756157
37.13794564348371,6596.945682835769,2,PC,2603.7973744026535
181.78166170539203,8952.226229658298,3,Smartphone,1320.4874514689602
117.09496715845798,6370.330124850401,5,PC,2132.079124409673
80.76943193596433,6143.196511753017,3,Laptop,1936.2627547957618
92.93915492518241,675.8538852012928,1,PC,66.90621492298017
189.50938458275124,5188.896139232589,4,PC,955.768577119202
31.51692922009996,1510.188318162246,3,Laptop,1117.4008861403784
117.65973657134265,7376.963349527641,5,Smartphone,2873.3631079921547
101.67184709800873,5127.096988918618,1,Smartphone,458.97976928320765
122.67939285149492,6805.475514291449,2,Laptop,886.2563763197902
4.603926580347261,426.3122770178188,2,Laptop,1602.0373862153751
174.55265787988614,857.0722402975741,5,Laptop,168.29201685680232
186.49153821423886,7166.070646746196,1,PC,334.47938169483774
113.46150353425259,730.1225166267469,4,Laptop,253.4661610480025
139.63351395150156,721.8547103749333,3,Tablet,134.13707048113207
184.57737685428185,130.96366759652562,1,PC,5.512010068639626
141.74048822836633,9565.448969011806,2,Smartphone,1290.2677314947873
31.355269539938007,7377.70851099548,5,Smartphone,12201.392981112038
115.68138367319582,3538.9815709356208,5,Smartphone,1392.9597530405065
121.73629423018832,2972.3904570636755,3,PC,640.7283114761138
85.40200358917483,3503.535265161037,5,Tablet,1912.3574737537713
147.55240288931984,7748.788776500007,5,Laptop,2733.3736964974655
186.93903593903394,6617.09240459344,1,Laptop,288.2837371085779
185.18813406844848,1860.1037229960048,4,Smartphone,303.42122302620356
90.7170349094223,1749.3522599875025,3,Smartphone,466.45805027031645
23.534371122310294,992.9725406368392,1,PC,337.9421448535061
196.98339859350457,6606.424169816368,4,Tablet,1315.0322731631443
167.9407192027409,7646.082895595142,1,Laptop,358.3805439390811
25.8078735594501,2657.81381896679,1,PC,804.8508970979206
184.24753464085708,219.24016069881898,5,Laptop,53.533168233425414
174.10937605036352,830.8949580895091,4,Smartphone,162.31998474111455
104.24877336808835,9678.921748101855,3,Laptop,2202.168464528024
118.66381171324092,2961.4933269994285,3,Tablet,587.8055682235416
80.40153807015592,7694.539246902955,4,Tablet,3803.633803742177
11.897566125584236,6250.389052854095,5,Smartphone,28533.74315306301
67.70425108753429,3825.57700013243,2,Tablet,845.864399982317
160.76783627100428,2064.8157493335957,1,Tablet,112.54086697837455
1.921772577915969,1222.6503174124703,5,PC,29029.63434267351
67.3663351665377,6153.979550708277,4,Laptop,3199.7669480766144
80.23557002459772,7748.5914685715015,1,Smartphone,864.4545023224539
107.94172498464665,6442.603492875895,3,Smartphone,1424.6831264898985
184.05126766613932,5307.718311159091,2,Smartphone,605.4240278663058
69.92285287882629,429.0927220820463,3,Smartphone,179.51703968400741
70.04368717734931,9685.202888167894,4,Smartphone,4438.822021907403
147.76274837383994,7989.1547746292,1,Tablet,537.7856509061523
90.99137023707162,2935.292146642638,4,PC,867.0807139939367
45.696359765056414,9799.903590294918,1,Smartphone,1973.915355067433
91.03546371040599,6022.797080466858,5,PC,2576.3256538472715
29.030547055580172,5828.402355490392,2,PC,3732.157081264565
36.10101031473844,7483.251062501025,5,Tablet,8972.237224496486
100.17518677515646,8119.580183020475,5,Smartphone,3713.354191902766
84.36616445140504,6568.221287241711,4,Tablet,2390.814713306665
183.0543343125519,1289.6765061983383,2,Smartphone,124.12498967532785
73.11638592421,3389.292384885039,1,Tablet,378.36626479441446
116.53708170533065,9281.555566857236,1,PC,588.4005365724008
126.82059329598654,2253.909962320081,3,Smartphone,502.12511740602207
3.6057968610783937,3727.9485681367582,1,Laptop,6587.054391834703
133.0439370313254,4326.448060612518,4,PC,883.4506544974442
36.42915740708053,4399.6558470475775,5,Laptop,5028.720685453893
192.25299317642157,6133.26642912031,5,PC,1291.5554768292943
30.583882822869477,9431.327619069629,5,Tablet,13385.655230113081
83.51020062167773,2414.5201912067246,2,Smartphone,542.0221887942356
17.98458394765013,1223.7987492461714,1,PC,522.1054265826679
199.37797611734354,1982.7301937007737,4,Tablet,352.9307644034594
100.93680705591727,8870.379753090603,2,Smartphone,1726.0384235121176
119.48161844668871,6461.650018425508,3,Smartphone,1592.207239932696
14.34821900029707,2866.2088244992096,4,PC,5951.933589149539
150.2421336094364,8161.309920296487,4,Smartphone,2232.167034286155
42.77121302602157,8615.086263670726,4,PC,6546.7859451647
179.71280359870204,8466.678243515878,5,Smartphone,2490.235783429451
41.82278845591943,9190.07607105915,4,Laptop,8462.288974028992
38.94685641206965,2529.887791531882,1,Tablet,494.09644470625784
8.273383901770881,7552.86886817532,4,Laptop,28109.13887969114
94.94132207688985,4610.789577768659,5,PC,2100.6235645641323
113.40338551926067,8421.565543371715,4,Laptop,2084.9920124590867
14.07601924624212,7287.621864844516,3,PC,14190.250219659802
155.3299957223071,7766.709990532249,3,Smartphone,1363.2535274983775
91.2044781148575,6565.056758433904,5,Smartphone,3582.161161783599
105.35366359618843,1782.5134070023717,1,PC,133.77923881642312
88.7117866407074,5454.818919780414,1,Laptop,445.7055060135145
80.75184911418987,9846.850697849837,2,Smartphone,2537.6169999915282
112.36842593033536,9374.506784306219,5,Tablet,4727.770914291346
31.89280894021179,441.3056206121466,4,Smartphone,494.0998209582643
37.203697968558956,1656.5000091370769,5,Tablet,1915.1039068449718
172.49533858168994,1325.9704468110735,2,Laptop,95.16853858291088
189.2769769645929,7262.539300753102,5,Tablet,1935.8047492340593
75.28855393967083,8179.675445270881,5,Tablet,5268.895865326612
54.8781899555672,2142.9785494436123,2,Tablet,573.8829076442946
129.15590910456413,5063.468402588772,1,Tablet,276.525063647908
82.33810004852118,8408.623249831888,4,Smartphone,3095.2266484711504
6.051884776408627,7330.687432214843,2,Tablet,22923.666968933543
32.07436687587188,5426.949682863565,3,Smartphone,5133.293445511267
143.4784735406321,5907.573427683141,1,Tablet,332.19738979490967
132.12586444012013,5088.521863693637,3,PC,970.4512789895211
6.392102508193215,2982.5090286750174,1,Laptop,3991.628593594227
45.17246022465694,5654.569708661571,4,Tablet,4287.288289777545
46.983884521026205,6891.964167480406,4,PC,5149.422051274597
134.70665597614695,8734.49592944947,5,Tablet,2534.575878019884
4.9223970131184664,6366.550626252688,3,Tablet,38448.13685816883
21.717607814930194,7613.604155061148,1,Tablet,2889.1811830578076
160.1833009892647,1609.1156331961843,4,PC,378.7232200299932
36.53038774881239,4620.959169453701,2,Laptop,1916.287287603363
130.89647546252306,103.22288207266203,4,PC,24.347510571189016
48.39837342829858,2474.321856571014,2,Laptop,866.0815464893454
20.788837159109686,7267.3525339789185,1,Tablet,3123.6311898974554
49.391266008891364,9918.18141398014,4,Smartphone,7930.90466753726
144.73111943927617,1000.7892148762869,4,Tablet,214.25035358105157
171.28359715315085,4020.92821545427,1,Laptop,196.94884509912384
166.21375304883134,8002.708977304604,4,PC,1561.9890148770514
80.0395223940725,2048.315989942699,2,Tablet,430.9467717681897
133.9489421775586,5555.29864352984,4,PC,1380.7685653397684
41.79187478774838,7333.382247336452,3,PC,3644.3664271342554
59.33639832194164,6163.694648099188,5,PC,4019.4407532922837
179.37082788570282,1888.367098808007,2,Tablet,173.0630270166168
3.587382778636471,3560.291841170537,3,PC,23048.38621663525
18.01619764003915,7840.079927009118,1,PC,3985.1104978395338
42.369364774059434,5546.7228761788465,2,Tablet,2668.6473482435254
6.279908570890123,62.24383929369824,5,PC,446.8307033623167
37.10565158286967,7612.297692680658,5,Tablet,8696.38556728239
117.02527063296874,362.76043585298834,1,Laptop,28.473219331593725
84.86348556790709,7459.880489485009,1,Laptop,748.5658313807565
178.641670504318,2032.7807960507218,2,Laptop,192.52165724073413
163.67126878594974,9581.154066392608,4,PC,1858.7566236405066
69.02165298787732,3685.728105507824,1,Smartphone,590.9597323318965
52.6252632528272,3276.0468472174102,4,Smartphone,2663.7186997531207
76.55878922528612,1497.3916228211224,3,PC,504.3753083728024
118.46869356044674,3062.986112747247,5,Smartphone,1195.9766894678523
54.34466452375238,8767.741110663723,4,Tablet,5759.078347771741
125.20563266197767,9963.3800328962,5,Smartphone,3943.443599876311
82.47291878605685,3689.412209763415,4,PC,1356.8455613987308
110.85738898954406,4491.620203235881,3,PC,1063.6532642239877
87.78917929792802,7223.488672645343,1,Tablet,664.0178828788352
59.598686148841615,8863.095846846094,3,Laptop,3904.1725352122958
189.74220808546917,5934.5128985259735,1,PC,192.92189326878196
152.9575530377924,3921.341724796515,1,Tablet,215.33499899078512
28.882521977524057,4132.092190077751,5,Smartphone,8131.288517721097
173.82512720368464,6959.2252835031,3,Smartphone,1247.5555233924536
97.99880845165322,42.15045340674403,4,Tablet,17.641038996511853
179.0158931519242,6199.697481223809,3,Tablet,861.8954533999391
160.17119593351572,3561.3751743091602,5,PC,898.6216413786748
85.61748738937746,7944.031339458072,1,Smartphone,985.2247851299871
5.471392355703363,938.9764918330902,5,Tablet,8110.246110864533
54.46679451760427,5886.140646814421,2,Smartphone,2137.683112354562
108.78520871751252,4814.919169962376,2,Tablet,915.1621948438401
127.0621657454033,6426.832003793222,4,Smartphone,1706.073367562064
52.31964940120726,657.8874088848538,5,Laptop,519.693342658628
28.731858740492,5804.0380364070315,4,PC,5330.345130427761
167.15111712306052,5619.231033715642,4,Smartphone,1127.0090647925879
196.89603396000686,5610.994343217548,2,Laptop,531.5094979259736
105.61234627823448,6038.8417892985835,4,Smartphone,1955.1614579579048
35.16417788381239,6767.914692891359,2,Smartphone,3889.365181628782
55.18915797735442,8051.84010681089,1,Laptop,1432.3523850801764
4.6597446329458805,2705.508994080861,5,Smartphone,26836.79163834124
182.9454625055393,8252.24360769882,4,Smartphone,1786.4528254693694
24.432465495138086,4987.574265811902,2,PC,3508.9748673988443
115.72677862733646,779.8122085519683,3,Laptop,149.43914013628327
55.536988916754,594.9237831473522,4,Laptop,338.5886831116832
111.28142250064289,3349.0408037736474,1,Tablet,240.66395517990952
130.63265728202097,7851.120801343561,1,Smartphone,535.2941623896876
166.11861893773312,7079.7325380617485,3,PC,1096.0919093956197
42.07783308036004,7888.263497077341,2,Smartphone,3318.7826807277006
3.188169903037615,5177.517873851678,4,Smartphone,60923.07658329229
28.240240383692647,4407.587989575351,2,Tablet,2485.4140715174494
180.10370972777292,1483.0507417957767,1,Smartphone,87.00531485077863
174.90412543494054,3288.6456085570226,2,PC,284.4418443095691
119.88520733189135,4345.8534680770135,1,PC,334.16756651530955
120.50285522629702,895.1182924993761,2,Tablet,132.86134864006576
133.34229823470483,2213.9134075850006,3,Smartphone,402.83745477715996
35.89888444606647,5986.27068769675,5,PC,6556.06940273671
182.96797723906698,7359.274511249507,3,Smartphone,1014.973807727435
84.33533445352255,9983.491638815567,3,Smartphone,3539.439394231641
77.24456712165,9331.80218012214,5,Smartphone,5536.519496342254
104.26462335128467,6429.226343356563,5,Tablet,2785.2881342567457
10.346227388235954,4218.26805240778,4,Smartphone,14782.18614966485
34.0903903824598,6365.411873435245,4,PC,5643.2687865448415
147.8686896688477,7858.659664621518,3,Smartphone,1354.497129254259
17.476934917100166,1192.1785473246393,3,PC,1774.0473483137757
121.02726978381125,4104.9498480659195,1,Smartphone,313.6966424084573
49.82447282658287,8399.624833499816,1,PC,1306.2329939356016
78.46982719435333,3844.4911898111095,4,PC,1536.7080737830909
58.45005361736928,5723.003989559594,4,Smartphone,3435.8890770017983
71.77887057652488,5881.815915013361,1,Smartphone,747.2210059818675
144.09013513166485,1852.9177688050572,1,PC,104.99090896521243
60.12722140901183,3628.732062106361,2,Laptop,911.3228153256588
113.71452341908254,3351.767774531902,2,Tablet,477.40254144491576
95.73403003762084,271.7051182353273,1,Laptop,27.194096405002185
133.070561907167,251.6757212746389,2,Laptop,30.697890973365467
187.42911812562684,8318.653466320977,5,Smartphone,1973.409021511945
146.7818473448398,2737.977391628396,4,Tablet,574.1014806026346
43.773135339560596,5185.606874725766,4,Laptop,4329.873105253665
7.20544387719565,2994.2684801518426,1,Smartphone,3498.134090858089
53.19054481566519,9407.385658702251,3,Laptop,4461.259502090908
119.42050820935071,2600.3746210690797,1,Laptop,152.04529506105828
11.23373688336582,4302.271559261962,2,Smartphone,7798.813649473649
99.77688319304603,8728.575202341173,3,Smartphone,2760.7393510841666
119.77172693446096,8420.916332250168,2,Smartphone,1387.5692427731683
67.5145342725752,1869.1531642843104,5,Tablet,1041.64259149245
154.41152854541858,8028.406664859147,2,Laptop,949.1300067630398
22.213052373620588,4587.286998511548,5,Smartphone,8914.225313932156
15.952418565425944,4834.859032132698,5,PC,10703.607401484107
145.90956248451707,1343.4649244352784,2,Laptop,149.12750419686677
99.6027719250335,815.2091224336752,2,PC,125.6713975505511
137.99207688911946,7282.113676667915,5,Tablet,2226.965703323036
87.53064038214549,4969.646912029444,3,Smartphone,1807.2707743850572
50.03400461458226,4374.138519125644,5,PC,4200.4545653146815
164.00136121716574,7297.787204237443,4,Tablet,1365.5432444769003
160.08375991482689,7657.473860921186,5,Smartphone,2095.9622517920984
139.24459770003094,1597.4925950168422,3,PC,279.27199694781615
55.156882308762576,6106.149243281637,4,PC,3404.8585239346858
118.45590270694834,1362.1872819540783,1,Tablet,106.30062621536138
72.83380549106533,7516.237109430166,1,Smartphone,1060.2333859238538
19.224832592000197,6572.982011108724,3,Smartphone,10377.077038251782
183.54540151698632,9566.580064623746,5,PC,2211.962049766053
28.22690755287332,698.8905834006476,2,PC,461.8816740176699
190.0972334103397,579.9766643010306,3,PC,61.588031058835185
89.75514881863319,2829.0488761850693,4,Smartphone,1362.254137372363
